cosecha,MOB,ever_sum,folio_den,pct
2022-06,1,0,1,0.0
2022-06,2,0,1,0.0
2022-06,3,0,1,0.0
2022-06,4,0,1,0.0
2022-06,5,0,1,0.0
2022-06,6,0,1,0.0
2022-06,7,0,1,0.0
2022-06,8,0,1,0.0
2022-06,9,0,1,0.0
2022-06,10,0,1,0.0
2022-06,11,0,1,0.0
2022-06,12,0,1,0.0
2022-06,13,0,1,0.0
2022-06,14,0,1,0.0
2022-06,15,0,1,0.0
2022-06,16,0,1,0.0
2022-06,17,0,1,0.0
2022-06,18,0,1,0.0
2022-06,19,0,1,0.0
2022-06,20,0,1,0.0
2022-06,21,0,1,0.0
2022-06,22,0,1,0.0
2022-06,23,0,1,0.0
2022-06,24,0,1,0.0
2022-06,25,0,1,0.0
2022-06,26,0,1,0.0
2022-06,27,0,1,0.0
2022-06,28,0,1,0.0
2022-06,29,0,1,0.0
2022-06,30,0,1,0.0
2022-06,31,0,1,0.0
2022-06,32,0,1,0.0
2022-06,33,0,1,0.0
2022-06,34,0,1,0.0
2022-06,35,0,1,0.0
2022-06,36,0,1,0.0
2022-06,37,0,1,0.0
2022-06,38,0,1,0.0
2022-06,39,0,1,0.0
2022-06,40,0,1,0.0
2022-06,41,0,1,0.0
2022-07,1,0,7,0.0
2022-07,2,0,7,0.0
2022-07,3,0,7,0.0
2022-07,4,0,7,0.0
2022-07,5,0,7,0.0
2022-07,6,0,7,0.0
2022-07,7,0,7,0.0
2022-07,8,0,7,0.0
2022-07,9,0,7,0.0
2022-07,10,0,7,0.0
2022-07,11,0,7,0.0
2022-07,12,0,7,0.0
2022-07,13,0,7,0.0
2022-07,14,0,7,0.0
2022-07,15,0,7,0.0
2022-07,16,0,7,0.0
2022-07,17,0,7,0.0
2022-07,18,0,7,0.0
2022-07,19,0,7,0.0
2022-07,20,0,7,0.0
2022-07,21,0,7,0.0
2022-07,22,0,7,0.0
2022-07,23,0,7,0.0
2022-07,24,0,7,0.0
2022-07,25,0,7,0.0
2022-07,26,0,7,0.0
2022-07,27,0,7,0.0
2022-07,28,0,7,0.0
2022-07,29,0,7,0.0
2022-07,30,0,7,0.0
2022-07,31,0,7,0.0
2022-07,32,0,7,0.0
2022-07,33,0,7,0.0
2022-07,34,0,7,0.0
2022-07,35,0,7,0.0
2022-07,36,0,7,0.0
2022-07,37,0,7,0.0
2022-07,38,0,7,0.0
2022-07,39,0,7,0.0
2022-07,40,0,7,0.0
2022-08,1,0,20,0.0
2022-08,2,0,20,0.0
2022-08,3,0,20,0.0
2022-08,4,0,20,0.0
2022-08,5,0,20,0.0
2022-08,6,0,20,0.0
2022-08,7,0,20,0.0
2022-08,8,0,20,0.0
2022-08,9,0,20,0.0
2022-08,10,0,20,0.0
2022-08,11,1,20,5.0
2022-08,12,1,20,5.0
2022-08,13,1,20,5.0
2022-08,14,1,20,5.0
2022-08,15,1,20,5.0
2022-08,16,1,20,5.0
2022-08,17,1,20,5.0
2022-08,18,1,20,5.0
2022-08,19,1,20,5.0
2022-08,20,1,20,5.0
2022-08,21,1,20,5.0
2022-08,22,1,20,5.0
2022-08,23,1,20,5.0
2022-08,24,1,20,5.0
2022-08,25,1,20,5.0
2022-08,26,1,20,5.0
2022-08,27,1,20,5.0
2022-08,28,1,20,5.0
2022-08,29,1,20,5.0
2022-08,30,1,20,5.0
2022-08,31,1,20,5.0
2022-08,32,1,20,5.0
2022-08,33,1,20,5.0
2022-08,34,1,20,5.0
2022-08,35,2,20,10.0
2022-08,36,2,20,10.0
2022-08,37,2,20,10.0
2022-08,38,2,20,10.0
2022-08,39,2,20,10.0
2022-09,1,1,36,2.7777777777777777
2022-09,2,1,36,2.7777777777777777
2022-09,3,1,36,2.7777777777777777
2022-09,4,1,36,2.7777777777777777
2022-09,5,1,36,2.7777777777777777
2022-09,6,1,36,2.7777777777777777
2022-09,7,1,36,2.7777777777777777
2022-09,8,1,36,2.7777777777777777
2022-09,9,1,36,2.7777777777777777
2022-09,10,1,36,2.7777777777777777
2022-09,11,2,36,5.555555555555555
2022-09,12,2,36,5.555555555555555
2022-09,13,2,36,5.555555555555555
2022-09,14,2,36,5.555555555555555
2022-09,15,2,36,5.555555555555555
2022-09,16,2,36,5.555555555555555
2022-09,17,2,36,5.555555555555555
2022-09,18,2,36,5.555555555555555
2022-09,19,2,36,5.555555555555555
2022-09,20,2,36,5.555555555555555
2022-09,21,2,36,5.555555555555555
2022-09,22,2,36,5.555555555555555
2022-09,23,2,36,5.555555555555555
2022-09,24,2,36,5.555555555555555
2022-09,25,2,36,5.555555555555555
2022-09,26,3,36,8.333333333333332
2022-09,27,3,36,8.333333333333332
2022-09,28,3,36,8.333333333333332
2022-09,29,3,36,8.333333333333332
2022-09,30,3,36,8.333333333333332
2022-09,31,3,36,8.333333333333332
2022-09,32,3,36,8.333333333333332
2022-09,33,3,36,8.333333333333332
2022-09,34,3,36,8.333333333333332
2022-09,35,4,36,11.11111111111111
2022-09,36,4,36,11.11111111111111
2022-09,37,4,36,11.11111111111111
2022-09,38,4,36,11.11111111111111
2022-10,1,0,41,0.0
2022-10,2,0,41,0.0
2022-10,3,0,41,0.0
2022-10,4,1,41,2.4390243902439024
2022-10,5,1,41,2.4390243902439024
2022-10,6,1,41,2.4390243902439024
2022-10,7,1,41,2.4390243902439024
2022-10,8,1,41,2.4390243902439024
2022-10,9,1,41,2.4390243902439024
2022-10,10,1,41,2.4390243902439024
2022-10,11,1,41,2.4390243902439024
2022-10,12,1,41,2.4390243902439024
2022-10,13,1,41,2.4390243902439024
2022-10,14,1,41,2.4390243902439024
2022-10,15,1,41,2.4390243902439024
2022-10,16,1,41,2.4390243902439024
2022-10,17,1,41,2.4390243902439024
2022-10,18,1,41,2.4390243902439024
2022-10,19,1,41,2.4390243902439024
2022-10,20,1,41,2.4390243902439024
2022-10,21,1,41,2.4390243902439024
2022-10,22,1,41,2.4390243902439024
2022-10,23,1,41,2.4390243902439024
2022-10,24,1,41,2.4390243902439024
2022-10,25,1,41,2.4390243902439024
2022-10,26,1,41,2.4390243902439024
2022-10,27,1,41,2.4390243902439024
2022-10,28,1,41,2.4390243902439024
2022-10,29,1,41,2.4390243902439024
2022-10,30,1,41,2.4390243902439024
2022-10,31,1,41,2.4390243902439024
2022-10,32,1,41,2.4390243902439024
2022-10,33,1,41,2.4390243902439024
2022-10,34,1,41,2.4390243902439024
2022-10,35,1,41,2.4390243902439024
2022-10,36,1,41,2.4390243902439024
2022-10,37,3,41,7.317073170731707
2022-11,1,0,34,0.0
2022-11,2,0,34,0.0
2022-11,3,0,34,0.0
2022-11,4,0,34,0.0
2022-11,5,0,34,0.0
2022-11,6,0,34,0.0
2022-11,7,0,34,0.0
2022-11,8,1,34,2.941176470588235
2022-11,9,1,34,2.941176470588235
2022-11,10,1,34,2.941176470588235
2022-11,11,1,34,2.941176470588235
2022-11,12,1,34,2.941176470588235
2022-11,13,1,34,2.941176470588235
2022-11,14,1,34,2.941176470588235
2022-11,15,1,34,2.941176470588235
2022-11,16,1,34,2.941176470588235
2022-11,17,1,34,2.941176470588235
2022-11,18,2,34,5.88235294117647
2022-11,19,2,34,5.88235294117647
2022-11,20,2,34,5.88235294117647
2022-11,21,2,34,5.88235294117647
2022-11,22,2,34,5.88235294117647
2022-11,23,2,34,5.88235294117647
2022-11,24,3,34,8.823529411764707
2022-11,25,3,34,8.823529411764707
2022-11,26,4,34,11.76470588235294
2022-11,27,4,34,11.76470588235294
2022-11,28,4,34,11.76470588235294
2022-11,29,4,34,11.76470588235294
2022-11,30,4,34,11.76470588235294
2022-11,31,4,34,11.76470588235294
2022-11,32,4,34,11.76470588235294
2022-11,33,4,34,11.76470588235294
2022-11,34,4,34,11.76470588235294
2022-11,35,4,34,11.76470588235294
2022-11,36,5,34,14.705882352941178
2022-12,1,0,46,0.0
2022-12,2,0,46,0.0
2022-12,3,0,46,0.0
2022-12,4,0,46,0.0
2022-12,5,0,46,0.0
2022-12,6,0,46,0.0
2022-12,7,0,46,0.0
2022-12,8,0,46,0.0
2022-12,9,0,46,0.0
2022-12,10,0,46,0.0
2022-12,11,0,46,0.0
2022-12,12,0,46,0.0
2022-12,13,0,46,0.0
2022-12,14,2,46,4.3478260869565215
2022-12,15,3,46,6.521739130434782
2022-12,16,3,46,6.521739130434782
2022-12,17,3,46,6.521739130434782
2022-12,18,3,46,6.521739130434782
2022-12,19,3,46,6.521739130434782
2022-12,20,3,46,6.521739130434782
2022-12,21,3,46,6.521739130434782
2022-12,22,3,46,6.521739130434782
2022-12,23,3,46,6.521739130434782
2022-12,24,3,46,6.521739130434782
2022-12,25,3,46,6.521739130434782
2022-12,26,3,46,6.521739130434782
2022-12,27,3,46,6.521739130434782
2022-12,28,3,46,6.521739130434782
2022-12,29,3,46,6.521739130434782
2022-12,30,3,46,6.521739130434782
2022-12,31,3,46,6.521739130434782
2022-12,32,4,46,8.695652173913043
2022-12,33,4,46,8.695652173913043
2022-12,34,4,46,8.695652173913043
2022-12,35,4,46,8.695652173913043
2023-01,1,0,68,0.0
2023-01,2,0,68,0.0
2023-01,3,0,68,0.0
2023-01,4,0,68,0.0
2023-01,5,0,68,0.0
2023-01,6,0,68,0.0
2023-01,7,0,68,0.0
2023-01,8,1,68,1.4705882352941175
2023-01,9,2,68,2.941176470588235
2023-01,10,2,68,2.941176470588235
2023-01,11,2,68,2.941176470588235
2023-01,12,3,68,4.411764705882353
2023-01,13,3,68,4.411764705882353
2023-01,14,4,68,5.88235294117647
2023-01,15,4,68,5.88235294117647
2023-01,16,4,68,5.88235294117647
2023-01,17,4,68,5.88235294117647
2023-01,18,4,68,5.88235294117647
2023-01,19,4,68,5.88235294117647
2023-01,20,4,68,5.88235294117647
2023-01,21,4,68,5.88235294117647
2023-01,22,5,68,7.352941176470589
2023-01,23,6,68,8.823529411764707
2023-01,24,7,68,10.294117647058822
2023-01,25,8,68,11.76470588235294
2023-01,26,8,68,11.76470588235294
2023-01,27,8,68,11.76470588235294
2023-01,28,9,68,13.23529411764706
2023-01,29,9,68,13.23529411764706
2023-01,30,9,68,13.23529411764706
2023-01,31,9,68,13.23529411764706
2023-01,32,10,68,14.705882352941178
2023-01,33,10,68,14.705882352941178
2023-01,34,10,68,14.705882352941178
2023-02,1,0,82,0.0
2023-02,2,0,82,0.0
2023-02,3,0,82,0.0
2023-02,4,0,82,0.0
2023-02,5,0,82,0.0
2023-02,6,0,82,0.0
2023-02,7,1,82,1.2195121951219512
2023-02,8,2,82,2.4390243902439024
2023-02,9,2,82,2.4390243902439024
2023-02,10,2,82,2.4390243902439024
2023-02,11,2,82,2.4390243902439024
2023-02,12,2,82,2.4390243902439024
2023-02,13,3,82,3.6585365853658534
2023-02,14,3,82,3.6585365853658534
2023-02,15,3,82,3.6585365853658534
2023-02,16,4,82,4.878048780487805
2023-02,17,4,82,4.878048780487805
2023-02,18,4,82,4.878048780487805
2023-02,19,4,82,4.878048780487805
2023-02,20,5,82,6.097560975609756
2023-02,21,5,82,6.097560975609756
2023-02,22,5,82,6.097560975609756
2023-02,23,5,82,6.097560975609756
2023-02,24,5,82,6.097560975609756
2023-02,25,5,82,6.097560975609756
2023-02,26,5,82,6.097560975609756
2023-02,27,5,82,6.097560975609756
2023-02,28,5,82,6.097560975609756
2023-02,29,5,82,6.097560975609756
2023-02,30,5,82,6.097560975609756
2023-02,31,5,82,6.097560975609756
2023-02,32,5,82,6.097560975609756
2023-02,33,5,82,6.097560975609756
2023-03,1,0,110,0.0
2023-03,2,0,110,0.0
2023-03,3,0,110,0.0
2023-03,4,0,110,0.0
2023-03,5,1,110,0.9090909090909091
2023-03,6,2,110,1.8181818181818181
2023-03,7,3,110,2.727272727272727
2023-03,8,3,110,2.727272727272727
2023-03,9,3,110,2.727272727272727
2023-03,10,3,110,2.727272727272727
2023-03,11,4,110,3.6363636363636362
2023-03,12,4,110,3.6363636363636362
2023-03,13,5,110,4.545454545454546
2023-03,14,7,110,6.363636363636363
2023-03,15,7,110,6.363636363636363
2023-03,16,9,110,8.181818181818182
2023-03,17,10,110,9.090909090909092
2023-03,18,11,110,10.0
2023-03,19,11,110,10.0
2023-03,20,11,110,10.0
2023-03,21,13,110,11.818181818181818
2023-03,22,13,110,11.818181818181818
2023-03,23,14,110,12.727272727272727
2023-03,24,14,110,12.727272727272727
2023-03,25,15,110,13.636363636363635
2023-03,26,16,110,14.545454545454545
2023-03,27,17,110,15.454545454545453
2023-03,28,17,110,15.454545454545453
2023-03,29,17,110,15.454545454545453
2023-03,30,17,110,15.454545454545453
2023-03,31,17,110,15.454545454545453
2023-03,32,18,110,16.363636363636363
2023-04,1,0,85,0.0
2023-04,2,1,85,1.1764705882352942
2023-04,3,1,85,1.1764705882352942
2023-04,4,1,85,1.1764705882352942
2023-04,5,1,85,1.1764705882352942
2023-04,6,2,85,2.3529411764705883
2023-04,7,3,85,3.5294117647058822
2023-04,8,3,85,3.5294117647058822
2023-04,9,3,85,3.5294117647058822
2023-04,10,5,85,5.88235294117647
2023-04,11,5,85,5.88235294117647
2023-04,12,5,85,5.88235294117647
2023-04,13,5,85,5.88235294117647
2023-04,14,6,85,7.0588235294117645
2023-04,15,6,85,7.0588235294117645
2023-04,16,6,85,7.0588235294117645
2023-04,17,7,85,8.235294117647058
2023-04,18,7,85,8.235294117647058
2023-04,19,7,85,8.235294117647058
2023-04,20,9,85,10.588235294117647
2023-04,21,10,85,11.76470588235294
2023-04,22,10,85,11.76470588235294
2023-04,23,10,85,11.76470588235294
2023-04,24,10,85,11.76470588235294
2023-04,25,10,85,11.76470588235294
2023-04,26,11,85,12.941176470588237
2023-04,27,12,85,14.117647058823529
2023-04,28,12,85,14.117647058823529
2023-04,29,12,85,14.117647058823529
2023-04,30,13,85,15.294117647058824
2023-04,31,13,85,15.294117647058824
2023-05,1,0,116,0.0
2023-05,2,0,116,0.0
2023-05,3,0,116,0.0
2023-05,4,1,116,0.8620689655172413
2023-05,5,1,116,0.8620689655172413
2023-05,6,1,116,0.8620689655172413
2023-05,7,1,116,0.8620689655172413
2023-05,8,1,116,0.8620689655172413
2023-05,9,1,116,0.8620689655172413
2023-05,10,1,116,0.8620689655172413
2023-05,11,2,116,1.7241379310344827
2023-05,12,2,116,1.7241379310344827
2023-05,13,3,116,2.586206896551724
2023-05,14,4,116,3.4482758620689653
2023-05,15,5,116,4.310344827586207
2023-05,16,5,116,4.310344827586207
2023-05,17,7,116,6.0344827586206895
2023-05,18,7,116,6.0344827586206895
2023-05,19,7,116,6.0344827586206895
2023-05,20,8,116,6.896551724137931
2023-05,21,9,116,7.758620689655173
2023-05,22,9,116,7.758620689655173
2023-05,23,11,116,9.482758620689655
2023-05,24,12,116,10.344827586206897
2023-05,25,12,116,10.344827586206897
2023-05,26,12,116,10.344827586206897
2023-05,27,12,116,10.344827586206897
2023-05,28,13,116,11.206896551724139
2023-05,29,13,116,11.206896551724139
2023-05,30,13,116,11.206896551724139
2023-06,1,0,122,0.0
2023-06,2,0,122,0.0
2023-06,3,0,122,0.0
2023-06,4,1,122,0.819672131147541
2023-06,5,2,122,1.639344262295082
2023-06,6,2,122,1.639344262295082
2023-06,7,3,122,2.459016393442623
2023-06,8,5,122,4.098360655737705
2023-06,9,5,122,4.098360655737705
2023-06,10,5,122,4.098360655737705
2023-06,11,5,122,4.098360655737705
2023-06,12,5,122,4.098360655737705
2023-06,13,7,122,5.737704918032787
2023-06,14,8,122,6.557377049180328
2023-06,15,9,122,7.377049180327869
2023-06,16,13,122,10.655737704918032
2023-06,17,13,122,10.655737704918032
2023-06,18,13,122,10.655737704918032
2023-06,19,15,122,12.295081967213115
2023-06,20,16,122,13.114754098360656
2023-06,21,16,122,13.114754098360656
2023-06,22,16,122,13.114754098360656
2023-06,23,16,122,13.114754098360656
2023-06,24,17,122,13.934426229508196
2023-06,25,18,122,14.754098360655737
2023-06,26,18,122,14.754098360655737
2023-06,27,18,122,14.754098360655737
2023-06,28,19,122,15.573770491803279
2023-06,29,19,122,15.573770491803279
2023-07,1,0,131,0.0
2023-07,2,0,131,0.0
2023-07,3,0,131,0.0
2023-07,4,0,131,0.0
2023-07,5,3,131,2.2900763358778624
2023-07,6,3,131,2.2900763358778624
2023-07,7,3,131,2.2900763358778624
2023-07,8,4,131,3.0534351145038165
2023-07,9,5,131,3.816793893129771
2023-07,10,5,131,3.816793893129771
2023-07,11,5,131,3.816793893129771
2023-07,12,6,131,4.580152671755725
2023-07,13,6,131,4.580152671755725
2023-07,14,6,131,4.580152671755725
2023-07,15,8,131,6.106870229007633
2023-07,16,8,131,6.106870229007633
2023-07,17,8,131,6.106870229007633
2023-07,18,8,131,6.106870229007633
2023-07,19,9,131,6.870229007633588
2023-07,20,10,131,7.633587786259542
2023-07,21,10,131,7.633587786259542
2023-07,22,11,131,8.396946564885496
2023-07,23,12,131,9.16030534351145
2023-07,24,12,131,9.16030534351145
2023-07,25,12,131,9.16030534351145
2023-07,26,13,131,9.923664122137405
2023-07,27,13,131,9.923664122137405
2023-07,28,13,131,9.923664122137405
2023-08,1,0,117,0.0
2023-08,2,0,117,0.0
2023-08,3,0,117,0.0
2023-08,4,0,117,0.0
2023-08,5,0,117,0.0
2023-08,6,2,117,1.7094017094017095
2023-08,7,2,117,1.7094017094017095
2023-08,8,4,117,3.418803418803419
2023-08,9,4,117,3.418803418803419
2023-08,10,4,117,3.418803418803419
2023-08,11,4,117,3.418803418803419
2023-08,12,5,117,4.273504273504273
2023-08,13,5,117,4.273504273504273
2023-08,14,5,117,4.273504273504273
2023-08,15,5,117,4.273504273504273
2023-08,16,5,117,4.273504273504273
2023-08,17,5,117,4.273504273504273
2023-08,18,5,117,4.273504273504273
2023-08,19,6,117,5.128205128205128
2023-08,20,6,117,5.128205128205128
2023-08,21,7,117,5.982905982905983
2023-08,22,7,117,5.982905982905983
2023-08,23,8,117,6.837606837606838
2023-08,24,8,117,6.837606837606838
2023-08,25,8,117,6.837606837606838
2023-08,26,9,117,7.6923076923076925
2023-08,27,11,117,9.401709401709402
2023-09,1,0,123,0.0
2023-09,2,0,123,0.0
2023-09,3,0,123,0.0
2023-09,4,0,123,0.0
2023-09,5,0,123,0.0
2023-09,6,1,123,0.8130081300813009
2023-09,7,1,123,0.8130081300813009
2023-09,8,3,123,2.4390243902439024
2023-09,9,3,123,2.4390243902439024
2023-09,10,3,123,2.4390243902439024
2023-09,11,4,123,3.2520325203252036
2023-09,12,6,123,4.878048780487805
2023-09,13,6,123,4.878048780487805
2023-09,14,6,123,4.878048780487805
2023-09,15,7,123,5.691056910569105
2023-09,16,8,123,6.504065040650407
2023-09,17,9,123,7.317073170731707
2023-09,18,10,123,8.130081300813007
2023-09,19,10,123,8.130081300813007
2023-09,20,11,123,8.94308943089431
2023-09,21,12,123,9.75609756097561
2023-09,22,12,123,9.75609756097561
2023-09,23,13,123,10.569105691056912
2023-09,24,14,123,11.38211382113821
2023-09,25,14,123,11.38211382113821
2023-09,26,15,123,12.195121951219512
2023-10,1,1,129,0.7751937984496124
2023-10,2,1,129,0.7751937984496124
2023-10,3,1,129,0.7751937984496124
2023-10,4,3,129,2.3255813953488373
2023-10,5,3,129,2.3255813953488373
2023-10,6,6,129,4.651162790697675
2023-10,7,6,129,4.651162790697675
2023-10,8,6,129,4.651162790697675
2023-10,9,6,129,4.651162790697675
2023-10,10,6,129,4.651162790697675
2023-10,11,6,129,4.651162790697675
2023-10,12,6,129,4.651162790697675
2023-10,13,6,129,4.651162790697675
2023-10,14,8,129,6.2015503875969
2023-10,15,9,129,6.976744186046512
2023-10,16,9,129,6.976744186046512
2023-10,17,10,129,7.751937984496124
2023-10,18,10,129,7.751937984496124
2023-10,19,11,129,8.527131782945736
2023-10,20,11,129,8.527131782945736
2023-10,21,12,129,9.30232558139535
2023-10,22,13,129,10.077519379844961
2023-10,23,13,129,10.077519379844961
2023-10,24,13,129,10.077519379844961
2023-10,25,14,129,10.852713178294573
2023-11,1,0,97,0.0
2023-11,2,0,97,0.0
2023-11,3,0,97,0.0
2023-11,4,1,97,1.0309278350515463
2023-11,5,1,97,1.0309278350515463
2023-11,6,2,97,2.0618556701030926
2023-11,7,3,97,3.0927835051546393
2023-11,8,3,97,3.0927835051546393
2023-11,9,4,97,4.123711340206185
2023-11,10,4,97,4.123711340206185
2023-11,11,5,97,5.154639175257731
2023-11,12,6,97,6.185567010309279
2023-11,13,8,97,8.24742268041237
2023-11,14,8,97,8.24742268041237
2023-11,15,9,97,9.278350515463918
2023-11,16,9,97,9.278350515463918
2023-11,17,10,97,10.309278350515463
2023-11,18,11,97,11.34020618556701
2023-11,19,12,97,12.371134020618557
2023-11,20,12,97,12.371134020618557
2023-11,21,13,97,13.402061855670103
2023-11,22,13,97,13.402061855670103
2023-11,23,14,97,14.432989690721648
2023-11,24,14,97,14.432989690721648
2023-12,1,0,85,0.0
2023-12,2,0,85,0.0
2023-12,3,0,85,0.0
2023-12,4,1,85,1.1764705882352942
2023-12,5,1,85,1.1764705882352942
2023-12,6,1,85,1.1764705882352942
2023-12,7,1,85,1.1764705882352942
2023-12,8,2,85,2.3529411764705883
2023-12,9,2,85,2.3529411764705883
2023-12,10,2,85,2.3529411764705883
2023-12,11,4,85,4.705882352941177
2023-12,12,4,85,4.705882352941177
2023-12,13,4,85,4.705882352941177
2023-12,14,4,85,4.705882352941177
2023-12,15,5,85,5.88235294117647
2023-12,16,5,85,5.88235294117647
2023-12,17,5,85,5.88235294117647
2023-12,18,6,85,7.0588235294117645
2023-12,19,6,85,7.0588235294117645
2023-12,20,7,85,8.235294117647058
2023-12,21,8,85,9.411764705882353
2023-12,22,8,85,9.411764705882353
2023-12,23,9,85,10.588235294117647
2024-01,1,0,86,0.0
2024-01,2,0,86,0.0
2024-01,3,1,86,1.1627906976744187
2024-01,4,2,86,2.3255813953488373
2024-01,5,2,86,2.3255813953488373
2024-01,6,2,86,2.3255813953488373
2024-01,7,2,86,2.3255813953488373
2024-01,8,2,86,2.3255813953488373
2024-01,9,2,86,2.3255813953488373
2024-01,10,2,86,2.3255813953488373
2024-01,11,2,86,2.3255813953488373
2024-01,12,2,86,2.3255813953488373
2024-01,13,3,86,3.488372093023256
2024-01,14,3,86,3.488372093023256
2024-01,15,4,86,4.651162790697675
2024-01,16,4,86,4.651162790697675
2024-01,17,5,86,5.813953488372093
2024-01,18,5,86,5.813953488372093
2024-01,19,5,86,5.813953488372093
2024-01,20,5,86,5.813953488372093
2024-01,21,5,86,5.813953488372093
2024-01,22,5,86,5.813953488372093
2024-02,1,0,87,0.0
2024-02,2,1,87,1.1494252873563218
2024-02,3,1,87,1.1494252873563218
2024-02,4,2,87,2.2988505747126435
2024-02,5,2,87,2.2988505747126435
2024-02,6,3,87,3.4482758620689653
2024-02,7,4,87,4.597701149425287
2024-02,8,4,87,4.597701149425287
2024-02,9,4,87,4.597701149425287
2024-02,10,4,87,4.597701149425287
2024-02,11,5,87,5.747126436781609
2024-02,12,5,87,5.747126436781609
2024-02,13,5,87,5.747126436781609
2024-02,14,5,87,5.747126436781609
2024-02,15,5,87,5.747126436781609
2024-02,16,5,87,5.747126436781609
2024-02,17,5,87,5.747126436781609
2024-02,18,6,87,6.896551724137931
2024-02,19,8,87,9.195402298850574
2024-02,20,8,87,9.195402298850574
2024-02,21,8,87,9.195402298850574
2024-03,1,0,64,0.0
2024-03,2,0,64,0.0
2024-03,3,0,64,0.0
2024-03,4,0,64,0.0
2024-03,5,1,64,1.5625
2024-03,6,1,64,1.5625
2024-03,7,2,64,3.125
2024-03,8,2,64,3.125
2024-03,9,2,64,3.125
2024-03,10,3,64,4.6875
2024-03,11,4,64,6.25
2024-03,12,5,64,7.8125
2024-03,13,7,64,10.9375
2024-03,14,7,64,10.9375
2024-03,15,7,64,10.9375
2024-03,16,8,64,12.5
2024-03,17,8,64,12.5
2024-03,18,8,64,12.5
2024-03,19,9,64,14.0625
2024-03,20,10,64,15.625
2024-04,1,0,68,0.0
2024-04,2,0,68,0.0
2024-04,3,0,68,0.0
2024-04,4,0,68,0.0
2024-04,5,0,68,0.0
2024-04,6,0,68,0.0
2024-04,7,0,68,0.0
2024-04,8,2,68,2.941176470588235
2024-04,9,3,68,4.411764705882353
2024-04,10,3,68,4.411764705882353
2024-04,11,3,68,4.411764705882353
2024-04,12,3,68,4.411764705882353
2024-04,13,3,68,4.411764705882353
2024-04,14,3,68,4.411764705882353
2024-04,15,3,68,4.411764705882353
2024-04,16,3,68,4.411764705882353
2024-04,17,3,68,4.411764705882353
2024-04,18,3,68,4.411764705882353
2024-04,19,3,68,4.411764705882353
2024-05,1,0,91,0.0
2024-05,2,0,91,0.0
2024-05,3,0,91,0.0
2024-05,4,0,91,0.0
2024-05,5,0,91,0.0
2024-05,6,0,91,0.0
2024-05,7,0,91,0.0
2024-05,8,1,91,1.098901098901099
2024-05,9,1,91,1.098901098901099
2024-05,10,2,91,2.197802197802198
2024-05,11,2,91,2.197802197802198
2024-05,12,3,91,3.296703296703297
2024-05,13,3,91,3.296703296703297
2024-05,14,3,91,3.296703296703297
2024-05,15,4,91,4.395604395604396
2024-05,16,6,91,6.593406593406594
2024-05,17,7,91,7.6923076923076925
2024-05,18,7,91,7.6923076923076925
2024-06,1,0,89,0.0
2024-06,2,0,89,0.0
2024-06,3,0,89,0.0
2024-06,4,0,89,0.0
2024-06,5,0,89,0.0
2024-06,6,0,89,0.0
2024-06,7,0,89,0.0
2024-06,8,0,89,0.0
2024-06,9,0,89,0.0
2024-06,10,0,89,0.0
2024-06,11,0,89,0.0
2024-06,12,2,89,2.247191011235955
2024-06,13,2,89,2.247191011235955
2024-06,14,4,89,4.49438202247191
2024-06,15,5,89,5.617977528089887
2024-06,16,5,89,5.617977528089887
2024-06,17,5,89,5.617977528089887
2024-07,1,0,79,0.0
2024-07,2,0,79,0.0
2024-07,3,0,79,0.0
2024-07,4,0,79,0.0
2024-07,5,1,79,1.2658227848101267
2024-07,6,1,79,1.2658227848101267
2024-07,7,1,79,1.2658227848101267
2024-07,8,1,79,1.2658227848101267
2024-07,9,2,79,2.5316455696202533
2024-07,10,2,79,2.5316455696202533
2024-07,11,2,79,2.5316455696202533
2024-07,12,2,79,2.5316455696202533
2024-07,13,4,79,5.063291139240507
2024-07,14,4,79,5.063291139240507
2024-07,15,5,79,6.329113924050633
2024-07,16,5,79,6.329113924050633
2024-08,1,0,113,0.0
2024-08,2,0,113,0.0
2024-08,3,1,113,0.8849557522123894
2024-08,4,3,113,2.6548672566371683
2024-08,5,3,113,2.6548672566371683
2024-08,6,3,113,2.6548672566371683
2024-08,7,3,113,2.6548672566371683
2024-08,8,3,113,2.6548672566371683
2024-08,9,3,113,2.6548672566371683
2024-08,10,3,113,2.6548672566371683
2024-08,11,4,113,3.5398230088495577
2024-08,12,4,113,3.5398230088495577
2024-08,13,4,113,3.5398230088495577
2024-08,14,5,113,4.424778761061947
2024-08,15,5,113,4.424778761061947
2024-09,1,0,84,0.0
2024-09,2,0,84,0.0
2024-09,3,0,84,0.0
2024-09,4,0,84,0.0
2024-09,5,0,84,0.0
2024-09,6,0,84,0.0
2024-09,7,0,84,0.0
2024-09,8,0,84,0.0
2024-09,9,0,84,0.0
2024-09,10,2,84,2.380952380952381
2024-09,11,2,84,2.380952380952381
2024-09,12,2,84,2.380952380952381
2024-09,13,3,84,3.571428571428571
2024-09,14,3,84,3.571428571428571
2024-10,1,0,125,0.0
2024-10,2,0,125,0.0
2024-10,3,0,125,0.0
2024-10,4,1,125,0.8
2024-10,5,1,125,0.8
2024-10,6,2,125,1.6
2024-10,7,2,125,1.6
2024-10,8,2,125,1.6
2024-10,9,2,125,1.6
2024-10,10,2,125,1.6
2024-10,11,3,125,2.4
2024-10,12,3,125,2.4
2024-10,13,4,125,3.2
2024-11,1,0,118,0.0
2024-11,2,0,118,0.0
2024-11,3,2,118,1.694915254237288
2024-11,4,2,118,1.694915254237288
2024-11,5,2,118,1.694915254237288
2024-11,6,2,118,1.694915254237288
2024-11,7,4,118,3.389830508474576
2024-11,8,4,118,3.389830508474576
2024-11,9,4,118,3.389830508474576
2024-11,10,5,118,4.23728813559322
2024-11,11,5,118,4.23728813559322
2024-11,12,6,118,5.084745762711865
2024-12,1,0,117,0.0
2024-12,2,0,117,0.0
2024-12,3,0,117,0.0
2024-12,4,1,117,0.8547008547008548
2024-12,5,1,117,0.8547008547008548
2024-12,6,1,117,0.8547008547008548
2024-12,7,1,117,0.8547008547008548
2024-12,8,1,117,0.8547008547008548
2024-12,9,1,117,0.8547008547008548
2024-12,10,2,117,1.7094017094017095
2024-12,11,2,117,1.7094017094017095
2025-01,1,0,133,0.0
2025-01,2,1,133,0.7518796992481203
2025-01,3,1,133,0.7518796992481203
2025-01,4,1,133,0.7518796992481203
2025-01,5,1,133,0.7518796992481203
2025-01,6,2,133,1.5037593984962405
2025-01,7,2,133,1.5037593984962405
2025-01,8,3,133,2.2556390977443606
2025-01,9,3,133,2.2556390977443606
2025-01,10,3,133,2.2556390977443606
2025-02,1,1,108,0.9259259259259258
2025-02,2,1,108,0.9259259259259258
2025-02,3,1,108,0.9259259259259258
2025-02,4,1,108,0.9259259259259258
2025-02,5,1,108,0.9259259259259258
2025-02,6,1,108,0.9259259259259258
2025-02,7,2,108,1.8518518518518516
2025-02,8,2,108,1.8518518518518516
2025-02,9,2,108,1.8518518518518516
2025-03,1,0,118,0.0
2025-03,2,0,118,0.0
2025-03,3,0,118,0.0
2025-03,4,0,118,0.0
2025-03,5,0,118,0.0
2025-03,6,0,118,0.0
2025-03,7,0,118,0.0
2025-03,8,0,118,0.0
2025-04,1,1,129,0.7751937984496124
2025-04,2,1,129,0.7751937984496124
2025-04,3,1,129,0.7751937984496124
2025-04,4,1,129,0.7751937984496124
2025-04,5,1,129,0.7751937984496124
2025-04,6,1,129,0.7751937984496124
2025-04,7,1,129,0.7751937984496124
2025-05,1,0,177,0.0
2025-05,2,0,177,0.0
2025-05,3,0,177,0.0
2025-05,4,0,177,0.0
2025-05,5,0,177,0.0
2025-05,6,1,177,0.5649717514124294
2025-06,1,0,199,0.0
2025-06,2,0,199,0.0
2025-06,3,0,199,0.0
2025-06,4,0,199,0.0
2025-06,5,0,199,0.0
2025-07,1,0,266,0.0
2025-07,2,0,266,0.0
2025-07,3,1,266,0.37593984962406013
2025-07,4,1,266,0.37593984962406013
2025-08,1,0,259,0.0
2025-08,2,0,259,0.0
2025-08,3,0,259,0.0
2025-09,1,3,289,1.0380622837370241
2025-09,2,4,289,1.384083044982699
2025-10,1,0,321,0.0
